epoch,train_loss,val_loss,train_acc,val_acc,alpha,tau,alive_hard,guards,epoch_time_sec
1,1.9151760023467395,1.9402307271957397,19.51530612244898,21.428571428571427,1.5,3.0,0.44854362805684406,0,1.9831783771514893
2,1.8052672026108723,2.104505113192967,35.84183673469388,24.489795918367346,1.4999857307968705,2.99997770437011,0.44595027963320416,0,1.3799667358398438
3,1.7605716768576174,2.2248368433543613,35.33163265306123,18.367346938775512,1.4999429237530661,2.9999108183641656,0.4468529721101125,0,1.3619017601013184
4,1.6762242803768235,2.2564380509512767,42.984693877551024,17.346938775510203,1.4998715805653158,2.9997993446333058,0.4467354118824005,0,1.3585927486419678
5,1.6683394008753252,2.793538740703038,41.07142857142857,11.224489795918368,1.499771704061426,2.999643287595978,0.4459567169348399,0,1.3740932941436768
6,1.6270228600015446,2.816202027457101,40.68877551020408,11.224489795918368,1.4996432982001695,2.999442653437765,0.4504944086074829,0,1.3477795124053955
7,1.5841986962727137,2.8428757190704346,43.75,21.428571428571427,1.4994863680711275,2.9991974501111365,0.44495636224746704,0,1.3351635932922363
8,1.5168058020727975,2.413637229374477,47.95918367346939,23.46938775510204,1.4993009198944889,2.9989076873351386,0.43320833643277484,0,1.3609106540679932
9,1.49289756161826,2.5703492164611816,47.95918367346939,21.428571428571427,1.4990869610208026,2.9985733765950044,0.43634699781735736,0,1.3652403354644775
10,1.467402140704953,2.7681686537606374,48.08673469387755,21.428571428571427,1.4988444999306874,2.998194531141699,0.43661513924598694,0,1.347254991531372
11,1.4484368453220444,3.2485784121922086,49.48979591836735,21.428571428571427,1.4985735462344942,2.9977711659913973,0.4271065394083659,0,1.3729133605957031
12,1.406440057316605,4.584657873426165,51.91326530612245,21.428571428571427,1.4982741106719273,2.9973032979248866,0.4297773043314616,0,1.3511693477630615
13,1.3989243507385254,3.313793591090611,49.36224489795919,21.428571428571427,1.4979462051116164,2.9967909454869006,0.43340500195821124,0,1.3024201393127441
14,1.404027790439372,3.932950905391148,52.67857142857143,21.428571428571427,1.4975898425506482,2.996234128985388,0.4296689530213674,0,1.355642318725586
15,1.3133581548321003,4.833699839455741,55.994897959183675,21.428571428571427,1.4972050371140495,2.9956328704907023,0.42827333013216656,0,1.3237273693084717
16,1.2726182171276637,3.4624552726745605,57.142857142857146,21.428571428571427,1.4967918040542287,2.9949871938347323,0.4312606354554494,0,1.3564026355743408
17,1.2863588722384707,5.080476794924055,56.76020408163265,21.428571428571427,1.4963501597503703,2.9942971246099535,0.42621739705403644,0,1.3485093116760254
18,1.2685477502492009,4.215402603149414,56.76020408163265,21.428571428571427,1.4958801217077862,2.9935626901684156,0.42792844772338867,0,1.3348212242126465
19,1.2469625266230837,3.3063570771898543,57.27040816326531,21.428571428571427,1.4953817085572216,2.992783919620659,0.4274226824442546,0,1.3557672500610352
20,1.272378180708204,4.390485525131226,57.015306122448976,21.428571428571427,1.4948549400541171,2.991960843834558,0.4292832016944885,0,1.370229721069336
21,1.2807579454110594,6.675060544695173,57.142857142857146,21.428571428571427,1.4942998370778244,2.9910934954341006,0.4291416108608246,0,1.3414528369903564
22,1.2452419327229869,4.328337533133371,58.673469387755105,21.428571428571427,1.4937164216307803,2.9901819087980943,0.43261582652727765,0,1.3522155284881592
23,1.2264101030875225,3.36012932232448,59.05612244897959,30.612244897959183,1.4931047168376332,2.989226120058802,0.4303064743677775,0,1.3687100410461426
24,1.2324109539693715,3.391838346208845,59.82142857142857,21.428571428571427,1.4924647469443277,2.988226167100512,0.42964860796928406,0,1.3495357036590576
25,1.17064918060692,2.868850060871669,62.244897959183675,27.551020408163264,1.4917965373171427,2.9871820895580354,0.4334891637166341,0,1.3650619983673096
26,1.1667378727270632,4.307358230863299,60.96938775510204,21.428571428571427,1.4911001144416858,2.986093928815134,0.4313025176525116,0,1.3583180904388428
27,1.1461731827988917,3.8522615092141286,61.224489795918366,21.428571428571427,1.4903755059218449,2.9849617280028826,0.43323466181755066,0,1.3456897735595703
28,1.0982057196753365,3.556298460279192,64.54081632653062,21.428571428571427,1.4896227404786924,2.983785531997957,0.43025218447049457,0,1.3768866062164307
29,1.086653867546393,3.612317051206316,65.43367346938776,21.428571428571427,1.4888418479493482,2.9825653874208564,0.42623722553253174,0,1.4378862380981445
30,1.1472466490706619,3.7082078797476634,63.775510204081634,22.448979591836736,1.4880328592857952,2.981301342634055,0.4267341693242391,0,1.3718655109405518
31,1.0932890115952005,3.295473745891026,64.28571428571429,21.428571428571427,1.4871958065536552,2.9799934477400862,0.42941907048225403,0,1.3635241985321045
32,1.0767519668656953,4.405092171260288,66.70918367346938,21.428571428571427,1.4863307229309153,2.978641754579555,0.42582130432128906,0,1.389960765838623
33,1.0855345555714198,2.911834410258702,65.68877551020408,23.46938775510204,1.485437642706614,2.977246316729085,0.4256177842617035,0,1.341524362564087
34,1.0751266382178482,3.8380444049835205,67.09183673469387,21.428571428571427,1.4845166012794828,2.975807189499192,0.4232378999392192,0,1.3453552722930908
35,1.042234971815226,4.35970265524728,67.7295918367347,21.428571428571427,1.483567635156541,2.9743244299320954,0.4246987005074819,0,1.3369414806365967
36,1.0670072059242093,3.194779736655099,66.58163265306122,22.448979591836736,1.4825907819516513,2.972798096799455,0.42174158493677777,0,1.369110345840454
37,1.0295596864758705,2.2428365434919084,67.7295918367347,31.632653061224488,1.4815860803840268,2.971228250600042,0.42047635714213055,0,1.3626725673675537
38,1.0099299927147067,2.9473932470594133,68.75,16.3265306122449,1.4805535702766977,2.96961495355734,0.4205300410588582,0,1.3531553745269775
39,0.9872255519944795,2.800729138510568,69.26020408163265,22.448979591836736,1.4794932925549316,2.9679582696170805,0.4161265591780345,0,1.3498826026916504
40,1.0026555292460384,4.844713108880179,68.11224489795919,21.428571428571427,1.4784052892446122,2.9662582644447064,0.4141893188158671,0,1.3105981349945068
41,0.9792552736340737,2.7862394537244524,70.66326530612245,25.510204081632654,1.4772896034705738,2.9645150054227716,0.4144727687040965,0,1.3548195362091064
42,0.9508625159458238,3.44274834224156,70.79081632653062,22.448979591836736,1.4761462794548912,2.9627285616482673,0.41636840502421063,0,1.3679559230804443
43,0.9597711295497661,2.5745275361197337,70.53571428571429,23.46938775510204,1.4749753625151272,2.960899003929886,0.4124673406283061,0,1.3119173049926758
44,0.9800244873883773,2.655435562133789,69.64285714285714,37.755102040816325,1.4737768990625364,2.959026404785213,0.4156411091486613,0,1.3321201801300049
45,0.9154948494872268,2.614919355937413,73.08673469387755,25.510204081632654,1.4725509366002256,2.9571108384378526,0.4115911324818929,0,1.3471591472625732
46,0.8856302292979493,1.8301268305097307,76.14795918367346,40.816326530612244,1.4712975237212709,2.9551523808144857,0.4147544304529826,0,1.3580880165100098
47,0.865697050581173,2.7013325010027205,76.53061224489795,38.775510204081634,1.4700167101067918,2.9531511095418623,0.41541099548339844,0,1.3369030952453613
48,0.8248623573050207,2.4228672129767284,77.16836734693878,34.69387755102041,1.4687085465239815,2.951107103943721,0.4133351842562358,0,1.3044657707214355
49,0.8441132708471648,4.002187933240618,76.14795918367346,23.46938775510204,1.4673730848240953,2.949020445037649,0.41342170039812726,0,1.3560712337493896
50,0.8476049827069653,2.745875562940325,76.14795918367346,27.551020408163264,1.4660103779403955,2.946891215531868,0.41313889622688293,0,1.3436298370361328
51,0.8372413065968728,2.5162131786346436,76.78571428571429,31.632653061224488,1.4646204798860518,2.944719499821956,0.4137023091316223,0,1.3538055419921875
52,0.831702492066792,2.565067938395909,76.27551020408163,36.734693877551024,1.4632034457520027,2.942505383987504,0.41364748279253644,0,1.3400404453277588
53,0.8201073797381654,2.0417414052145824,76.0204081632653,35.714285714285715,1.4617593317047697,2.9402489557887024,0.41766948501269024,0,1.3289315700531006
54,0.8466036502195864,2.1353435005460466,77.29591836734694,28.571428571428573,1.4602881949842328,2.9379503046628637,0.41279833515485126,0,1.340968370437622
55,0.8178730661771736,2.3178245340074812,78.18877551020408,35.714285714285715,1.4587900939013603,2.9356095217208757,0.4129337469736735,0,1.3163607120513916
56,0.7336013231958661,1.7531565768378121,82.65306122448979,41.83673469387755,1.4572650878358986,2.9332266997435914,0.4153125087420146,0,1.3301658630371094
57,0.7450884373820558,2.621715988431658,79.84693877551021,39.795918367346935,1.4557132372340185,2.930801933178154,0.41564979155858356,0,1.3698229789733887
58,0.7804167805885782,2.277741721698216,79.97448979591837,41.83673469387755,1.4541346036059177,2.9283353181342466,0.4170920749505361,0,1.3658688068389893
59,0.7382210109915052,2.4166533265795027,81.63265306122449,30.612244897959183,1.4525292495233852,2.9258269523802896,0.41550594568252563,0,1.3425016403198242
60,0.7393477607746514,2.050872734614781,81.25,30.612244897959183,1.45089723861732,2.9232769353395627,0.41593355933825177,0,1.2557530403137207
61,0.68377343245915,1.5969998155321394,84.18367346938776,40.816326530612244,1.449238635575208,2.9206853680862626,0.4167398711045583,0,1.3597478866577148
62,0.7065442520744947,3.124093907220023,82.90816326530613,36.734693877551024,1.4475535061385598,2.9180523533415,0.4171164532502492,0,1.3856000900268555
63,0.6777343190446192,2.2390540838241577,84.56632653061224,16.3265306122449,1.4458419171003039,2.9153779954692247,0.41685545444488525,0,1.310194492340088
64,0.6888965003344477,3.0471386909484863,83.41836734693878,32.6530612244898,1.4441039363021388,2.912662400472092,0.41368453701337177,0,1.3364622592926025
65,0.706136940085158,2.3293316193989346,82.90816326530613,32.6530612244898,1.442339632631846,2.9099056759872592,0.41748911142349243,0,1.348536729812622
66,0.6785974228868679,3.4175778797694614,84.82142857142857,22.448979591836736,1.4405490760205568,2.9071079312821198,0.41330260038375854,0,1.3490204811096191
67,0.6832895126877999,2.4875740153448924,83.80102040816327,32.6530612244898,1.4387323374399825,2.9042692772499725,0.4114583333333333,0,1.347628116607666
68,0.6802714229846487,2.0414919512612477,85.20408163265306,34.69387755102041,1.4368894888996,2.9013898264056253,0.4099891086419423,0,1.3403704166412354
69,0.6526296272569773,2.393281936645508,86.35204081632654,28.571428571428573,1.4350206034437991,2.898469692880936,0.41137515505154926,0,1.3428821563720703
70,0.6640314922040823,2.2434855358941213,84.0561224489796,31.632653061224488,1.433125755148986,2.895508992420291,0.40893372893333435,0,1.345432996749878
71,0.6674893735622873,2.4204418318612233,85.0765306122449,37.755102040816325,1.4312050191206471,2.8925078423760113,0.410049835840861,0,1.3423409461975098
72,0.6348944610478927,1.7143269777297974,85.58673469387755,59.183673469387756,1.4292584714903729,2.8894663617037075,0.4146293302377065,0,1.3378243446350098
73,0.6660155726938831,2.234479342188154,84.18367346938776,53.06122448979592,1.42728618941284,2.8863846709575625,0.4159814119338989,0,1.3179395198822021
74,0.628738212342165,1.3988866124834334,86.35204081632654,47.95918367346939,1.4252882510627525,2.8832628922855505,0.41489718357721966,0,1.3541839122772217
75,0.5908283378396716,1.511396782738822,89.54081632653062,46.93877551020408,1.4232647356317445,2.880101149424601,0.4142795105775197,0,1.3372766971588135
76,0.6308039736991026,1.7068084137780326,86.22448979591837,52.04081632653061,1.42121572332524,2.8768995676956877,0.4141994118690491,0,1.3490822315216064
77,0.638037345847305,1.8649761506489344,84.56632653061224,39.795918367346935,1.419141295359275,2.873658273998867,0.4142388900121053,0,1.3370275497436523
78,0.632411256128428,2.5989746025630405,86.86224489795919,43.87755102040816,1.4170415339572768,2.870377396808245,0.413457711537679,0,1.3663592338562012
79,0.6412096583113378,1.7189532348087855,84.82142857142857,52.04081632653061,1.4149165223468068,2.8670570661668853,0.41722718874613446,0,1.361084222793579
80,0.6083223029058806,2.9144378389631,86.09693877551021,32.6530612244898,1.4127663447562602,2.863697413681656,0.41758782664934796,0,1.3635072708129883
81,0.6039751172065735,1.7788745335170202,87.37244897959184,47.95918367346939,1.4105910864115279,2.8602985725180123,0.4177881181240082,0,1.3484461307525635
82,0.6306509326915352,1.8522202627999442,85.58673469387755,55.10204081632653,1.4083908335326194,2.856860677394718,0.4158392349878947,0,1.3548712730407715
83,0.5483894123106586,3.183519090924944,89.9234693877551,41.83673469387755,1.4061656733302432,2.853383864578505,0.4165581564108531,0,1.3462741374969482
84,0.6011456901929817,5.344527585165841,87.5,36.734693877551024,1.4039156940023518,2.8498682718786745,0.4162447353204091,0,1.3574919700622559
85,0.627018361675496,2.2831081662859236,86.35204081632654,39.795918367346935,1.4016409847306457,2.846314038641634,0.4182097216447194,0,1.347644567489624
86,0.6366365624933826,2.37737124306815,84.56632653061224,38.775510204081634,1.3993416356770378,2.8427213057453717,0.4155536989370982,0,1.3462982177734375
87,0.5994182624378983,1.5605584383010864,86.98979591836735,55.10204081632653,1.39701773798008,2.8390902155938753,0.41827426354090375,0,1.3633191585540771
88,0.5481761389849137,1.4615556512560164,90.17857142857143,59.183673469387756,1.3946693837513509,2.835420912111486,0.4182631274064382,0,1.3653223514556885
89,0.532875793320792,1.6417890105928694,90.9438775510204,50.0,1.3922966660718046,2.8317135407371947,0.42085768779118854,0,1.3556716442108154
90,0.5794731439376364,1.8093563658850533,88.90306122448979,50.0,1.3898996789880818,2.8279682484188777,0.42255322138468426,0,1.3457279205322266
91,0.6036165879697216,2.537547401019505,86.4795918367347,35.714285714285715,1.3874785175087807,2.82418518360747,0.42151886224746704,0,1.3503038883209229
92,0.588087969288534,2.0547564370291576,89.79591836734694,42.857142857142854,1.385033277600694,2.8203644962510843,0.4199080963929494,0,1.3632352352142334
93,0.5807346440091425,3.382418019430978,90.05102040816327,32.6530612244898,1.382564056185001,2.816506337789064,0.4206009308497111,0,1.3397364616394043
94,0.6085913771269272,2.7345625162124634,87.24489795918367,29.591836734693878,1.3800709511334295,2.8126108611459837,0.4203823705514272,0,1.3422958850860596
95,0.5838611618596681,2.0258630173546925,87.62755102040816,52.04081632653061,1.3775540612643755,2.8086782207255867,0.42070714632670086,0,1.3357901573181152
96,0.5508053606870223,2.77809590952737,90.3061224489796,33.673469387755105,1.3750134863389858,2.804708572404665,0.421387255191803,0,1.354024887084961
97,0.5425715409979528,2.4481156212942943,91.96428571428571,39.795918367346935,1.3724493270572031,2.80070207352688,0.42130528887112934,0,1.3439769744873047
98,0.589054245121625,2.083357180867876,88.39285714285714,41.83673469387755,1.3698616850537773,2.7966588828965273,0.4206699728965759,0,1.2894442081451416
99,0.531102616568001,2.6339290823255266,91.83673469387755,35.714285714285715,1.367250662894234,2.7925791607722403,0.4197491606076558,0,1.2815139293670654
100,0.5658370213849204,3.1125258718218123,89.28571428571429,35.714285714285715,1.3646163640708109,2.7884630688606418,0.41982024908065796,0,1.3553860187530518
101,0.513990252601857,1.9036278894969396,91.96428571428571,46.93877551020408,1.3619588929983553,2.78431077030993,0.4190622568130493,0,1.354943037033081
102,0.515195222533479,2.192115681512015,92.85714285714286,35.714285714285715,1.3592783550101855,2.7801224297034146,0.42045876383781433,0,1.3607561588287354
103,0.5702558968748365,2.3516068288258145,89.03061224489795,40.816326530612244,1.3565748563539155,2.775898213052993,0.4186958471934001,0,1.3154370784759521
104,0.559038403082867,3.2003341742924283,90.3061224489796,30.612244897959183,1.3538485041872435,2.771638287792568,0.4183388650417328,0,1.3519036769866943
105,0.508343289701306,1.364992312022618,92.09183673469387,62.244897959183675,1.3510994065737059,2.7673428227714156,0.4189326961835225,0,1.3622922897338867
106,0.47249686292239595,1.5773561341421944,93.23979591836735,60.204081632653065,1.348327672478392,2.7630119882474875,0.4171131451924642,0,1.3316395282745361
107,0.5084944872223601,2.6718695163726807,91.96428571428571,25.510204081632654,1.345533411763626,2.7586459558806657,0.41565511624018353,0,1.3476979732513428
108,0.5186775016541384,1.9325204747063773,92.21938775510205,38.775510204081634,1.3427167351846132,2.754244898725958,0.41802095373471576,0,1.3504633903503418
109,0.47516252921552077,1.904140489442008,94.26020408163265,51.02040816326531,1.3398777543850484,2.7498089912266384,0.41860057910283405,0,1.332536220550537
110,0.46818441395856897,2.254791940961565,94.38775510204081,34.69387755102041,1.3370165818926925,2.7453384092073323,0.42072637875874835,0,1.3443677425384521
111,0.47379126110855413,1.3309751749038696,93.36734693877551,60.204081632653065,1.33413333111491,2.740833329867047,0.41965896884600323,0,1.3490688800811768
112,0.4879488884186258,1.3892283524785722,92.60204081632654,53.06122448979592,1.3312281163341764,2.736293931772151,0.4211844205856323,0,1.3416404724121094
113,0.4757396256437107,2.3751797335488454,94.13265306122449,45.91836734693877,1.3283010527035468,2.731720394849292,0.42044544219970703,0,1.2934761047363281
114,0.5044700387789278,1.4665557827268327,92.34693877551021,58.16326530612245,1.3253522562420919,2.7271129003782684,0.4210035502910614,0,1.366241216659546
115,0.5573213130843883,1.581379805292402,89.41326530612245,51.02040816326531,1.3223818438302997,2.722471630984843,0.4213251868883769,0,1.3354158401489258
116,0.4780191602755566,2.073878526687622,93.87755102040816,48.97959183673469,1.3193899332054426,2.717796770633504,0.42216243346532184,0,1.4125699996948242
117,0.4939135100160326,1.99946015221732,92.98469387755102,44.89795918367347,1.316376642956911,2.713088504620173,0.42153507471084595,0,1.327610969543457
118,0.45348248919662165,1.1792860456875391,94.64285714285714,62.244897959183675,1.3133420925215125,2.7083470195648633,0.42234380046526593,0,1.3385393619537354
119,0.4591444177286966,1.518916632447924,94.51530612244898,69.38775510204081,1.3102864021787368,2.7035725034042764,0.4211755394935608,0,1.3152039051055908
120,0.45608231972674934,1.4337752972330366,94.7704081632653,50.0,1.3072096930459907,2.6987651453843604,0.42099112272262573,0,1.3808341026306152
121,0.4538570678963953,2.519437381199428,94.26020408163265,34.69387755102041,1.304112087073795,2.6939251360528047,0.42079315582911175,0,1.3221094608306885
122,0.43989069972719463,1.8459301335471017,95.40816326530613,40.816326530612244,1.300993707040952,2.689052667251487,0.4195479452610016,0,1.4089691638946533
123,0.43204366613407524,1.6825923068182809,95.66326530612245,50.0,1.2978546765496786,2.684147932108873,0.420282910267512,0,1.361539363861084
124,0.4333364312746087,2.52203301021031,95.79081632653062,34.69387755102041,1.2946951200207075,2.6792111250323556,0.4203065137068431,0,1.3412692546844482
125,0.45838979738099234,2.3378176859446933,94.13265306122449,34.69387755102041,1.2915151626883552,2.674242441700555,0.42180630564689636,0,1.3528809547424316
126,0.42779485364349523,1.3014265724590846,96.30102040816327,62.244897959183675,1.288314930595558,2.669242079055559,0.4217633406321208,0,1.3183422088623047
127,0.4776405035233011,1.8850086075919015,92.98469387755102,54.08163265306123,1.2850945505888762,2.664210235295119,0.42113859454790753,0,1.3825640678405762
128,0.43399093102435676,1.2039378540856498,95.02551020408163,61.224489795918366,1.281854150313467,2.6591471098647923,0.4243065615495046,0,1.384814739227295
129,0.49414659337121614,1.3781173314367021,92.98469387755102,58.16326530612245,1.278593858208024,2.6540529034500375,0.42411765456199646,0,1.3903007507324219
130,0.4136133674456149,1.191792641367231,96.5561224489796,56.12244897959184,1.2753138034996874,2.6489278179682616,0.42421530683835346,0,1.3936617374420166
131,0.4370280023740262,1.610862638269152,95.79081632653062,56.12244897959184,1.2720141161989202,2.6437720565608127,0.42329423626263935,0,1.3744282722473145
132,0.43404546805790495,2.070223467690604,95.91836734693878,45.91836734693877,1.2686949270943568,2.6385858235849327,0.4232247471809387,0,1.3123908042907715
133,0.4288653536718719,1.8491124766213554,96.30102040816327,47.95918367346939,1.2653563677476187,2.6333693246056544,0.42321821053822833,0,1.3434967994689941
134,0.44404848254456813,2.435369712965829,94.7704081632653,35.714285714285715,1.2619985704880985,2.6281227663876536,0.4236839910348256,0,1.3210039138793945
135,0.43757680301763574,1.2788791741643633,96.42857142857143,64.28571428571429,1.258621668407716,2.622846356887056,0.4223101536432902,0,1.317828893661499
136,0.5050579625733045,3.4782801355634416,91.83673469387755,31.632653061224488,1.255225795355643,2.617540305243192,0.42193201184272766,0,1.3722293376922607
137,0.46506001997967156,1.4766279288700648,93.23979591836735,55.10204081632653,1.251811085932997,2.612204821770308,0.4213995536168416,0,1.39266037940979
138,0.4585732994030933,1.9787149940218245,94.7704081632653,61.224489795918366,1.2483776754875069,2.6068401179492295,0.42254860202471417,0,1.3537604808807373
139,0.4599162017812534,1.2544620803424291,94.26020408163265,64.28571428571429,1.244925700108148,2.6014464064189813,0.42464637756347656,0,1.3484430313110352
140,0.43754355761469627,0.9564610889979771,95.28061224489795,70.40816326530613,1.2414552966197474,2.5960239009683557,0.42646893858909607,0,1.400465488433838
141,0.4192856519806142,1.2962132266589574,95.79081632653062,63.265306122448976,1.2379666025775622,2.590572816527441,0.42958711584409076,0,1.3710408210754395
142,0.4299049645054097,1.6033074174608504,95.15306122448979,60.204081632653065,1.234459756261825,2.585093369159101,0.42699750264485675,0,1.3607335090637207
143,0.44665892574251914,2.295151267732893,94.7704081632653,46.93877551020408,1.2309348966722649,2.579585776050414,0.42596609393755597,0,1.342935562133789
144,0.4413351185467778,2.0773002760750905,95.53571428571429,44.89795918367347,1.2273921635225973,2.574050255504058,0.42598626017570496,0,1.358243703842163
145,0.431178871466189,1.2669302480561393,96.42857142857143,59.183673469387756,1.2238316972349856,2.568487026929665,0.42476187149683636,0,1.3593368530273438
146,0.4323561069916706,1.350795132773263,95.79081632653062,60.204081632653065,1.2202536389344765,2.5628963108351197,0.4279401699701945,0,1.3591148853302002
147,0.42157627064354564,1.5170878257070268,95.53571428571429,55.10204081632653,1.2166581304434052,2.5572783288178207,0.4270184238751729,0,1.33148193359375
148,0.4335947584132759,1.062620222568512,96.04591836734694,58.16326530612245,1.2130453142757744,2.5516333035558976,0.42787906527519226,0,1.3121492862701416
149,0.39911569989457424,1.3907473853656225,97.5765306122449,64.28571428571429,1.2094153336316058,2.5459614587993844,0.42780547340710956,0,1.3563857078552246
150,0.4614810682072931,2.89786958694458,93.75,29.591836734693878,1.2057683323912638,2.54026301936135,0.42878685394922894,0,1.351637363433838
151,0.41565731776003934,1.6378861154828752,96.5561224489796,55.10204081632653,1.2021044551097522,2.534538211108988,0.42884138226509094,0,1.3333563804626465
152,0.45381712426944654,1.079420907156808,95.15306122448979,70.40816326530613,1.198423847010986,2.5287872609546653,0.4297663966814677,0,1.3450353145599365
153,0.43002830780282314,1.4416947960853577,96.04591836734694,59.183673469387756,1.194726653982033,2.523010396846926,0.4348377188046773,0,1.3603808879852295
154,0.41465711532806865,1.4374139649527413,97.1938775510204,67.34693877551021,1.1910130225673332,2.5172078477614583,0.43607428669929504,0,1.352004051208496
155,0.4254701502469121,1.312040729182107,96.5561224489796,61.224489795918366,1.1872830999628896,2.5113798436920147,0.43887174129486084,0,1.34600830078125
156,0.43653336593082975,1.837965624673026,95.79081632653062,56.12244897959184,1.1835370340104332,2.505526615641302,0.4369811912377675,0,1.3483119010925293
157,0.417831335748945,1.908545400415148,97.06632653061224,52.04081632653061,1.1797749731915643,2.4996483956118194,0.43915287653605145,0,1.3591771125793457
158,0.45157457614431573,2.1053849969591414,94.89795918367346,42.857142857142854,1.1759970666218662,2.493745416596666,0.4443045159180959,0,1.3498940467834473
159,0.43156268462842823,2.0689052683966502,96.04591836734694,52.04081632653061,1.1722034640449952,2.487817912570305,0.443027267853419,0,1.3470687866210938
160,0.4241460713804985,2.151590176991054,96.1734693877551,35.714285714285715,1.168394315826745,2.481866118479289,0.44282110532124835,0,1.3531291484832764
161,0.41393848523801685,1.8533587966646468,96.1734693877551,50.0,1.164569772949087,2.475890270232948,0.44248537222544354,0,1.3176069259643555
162,0.4053183818350033,1.4105940886906214,96.93877551020408,59.183673469387756,1.1607299870041852,2.469890604694039,0.4428485731283824,0,1.3454546928405762
163,0.48286147446048505,3.1209769248962402,93.11224489795919,17.346938775510203,1.1568751101883894,2.4638673596693583,0.44309906164805096,0,1.304612159729004
164,0.4273274699035956,1.7767948593412126,96.04591836734694,53.06122448979592,1.1530052952961998,2.457820773900312,0.4426639179388682,0,1.339714527130127
165,0.40650682850759856,1.8366988216127669,97.1938775510204,57.142857142857146,1.149120695714213,2.451751087053458,0.44283145666122437,0,1.322798252105713
166,0.3981159511877566,0.9252644436700004,97.32142857142857,72.44897959183673,1.145221465415042,2.4456585397110033,0.4428226848443349,0,1.3113515377044678
167,0.3904588113025743,0.9644490139825004,97.83163265306122,71.42857142857143,1.141307758951212,2.4395433733612686,0.44393118222554523,0,1.304079294204712
168,0.4279035792058828,1.7329268285206385,95.79081632653062,47.95918367346939,1.1373797314490357,2.4334058303891184,0.4439996878306071,0,1.3673992156982422
169,0.42424366182210493,1.2661709359713964,95.91836734693878,57.142857142857146,1.1334375386024638,2.4272461540663497,0.44319672385851544,0,1.3538739681243896
170,0.41576391823437747,1.788772429738726,96.68367346938776,58.16326530612245,1.1294813366669145,2.421064588542054,0.445053368806839,0,1.3836743831634521
171,0.4026878263269152,1.1782046045575822,97.32142857142857,62.244897959183675,1.1255112824530797,2.414861378832937,0.44493643442789715,0,1.3521933555603027
172,0.4018497211592538,2.2096594742366245,97.5765306122449,50.0,1.1215275333207093,2.408636770813608,0.45057567954063416,0,1.3409478664398193
173,0.4666773105154232,2.921208449772426,93.75,33.673469387755105,1.1175302471723743,2.4023910112068347,0.44690627853075665,0,1.3510684967041016
174,0.3884361854621342,2.0393863575799123,97.70408163265306,52.04081632653061,1.1135195824472082,2.3961243475737626,0.44757582743962604,0,1.3478736877441406
175,0.39206090082927625,1.7167072807039534,97.70408163265306,59.183673469387756,1.1094956981146264,2.389837028304104,0.447064330180486,0,1.3483595848083496
176,0.37857405628476826,1.6512423753738403,97.83163265306122,56.12244897959184,1.1054587536680265,2.3835293026062914,0.4474593599637349,0,1.3539111614227295
177,0.3814130547095318,2.289114202771868,98.34183673469387,53.06122448979592,1.1014089091184642,2.3772014204976,0.4464676280816396,0,1.3570072650909424
178,0.3876297194130567,1.7045868635177612,97.70408163265306,59.183673469387756,1.0973463249883137,2.3708536327942404,0.446254163980484,0,1.3349411487579346
179,0.406281229792809,1.9653408357075282,97.1938775510204,38.775510204081634,1.0932711623049032,2.3644861911014114,0.4450870255629222,0,1.3424110412597656
180,0.46054347923823763,4.320328065327236,94.13265306122449,28.571428571428573,1.089183582594133,2.358099347803333,0.4444107214609782,0,1.3449428081512451
181,0.429806832756315,2.4080597843442644,96.1734693877551,40.816326530612244,1.085083747874073,2.351693356053239,0.4448543091615041,0,1.3603923320770264
182,0.45386385431095044,1.240162628037589,95.28061224489795,64.28571428571429,1.0809718206485412,2.3452684697633455,0.4442797303199768,0,1.301224708557129
183,0.413221286875861,1.2380805696759904,97.32142857142857,61.224489795918366,1.0768479639006618,2.3388249435947843,0.4439169267813365,0,1.357996940612793
184,0.40843493476205944,2.1545304911477223,97.32142857142857,40.816326530612244,1.0727123410864063,2.3323630329475096,0.4454650779565175,0,1.3717048168182373
185,0.41328062147510297,1.3430830240249634,95.66326530612245,64.28571428571429,1.0685651161281133,2.3258829939501773,0.44467446208000183,0,1.357696771621704
186,0.45186061275248623,2.1782097816467285,94.64285714285714,50.0,1.0644064534079924,2.3193850834499883,0.44591013590494794,0,1.3403189182281494
187,0.4204503717471142,2.675390124320984,96.5561224489796,42.857142857142854,1.0602365177616078,2.312869559002512,0.4479193190733592,0,1.352367877960205
188,0.4235837806244286,2.798802546092442,95.91836734693878,51.02040816326531,1.0560554744713446,2.3063366788614763,0.4499373435974121,0,1.3492107391357422
189,0.4356982190998233,1.5226221765790666,94.89795918367346,64.28571428571429,1.0518634892598586,2.299786701968529,0.450043926636378,0,1.3552262783050537
190,0.41919746143477304,1.550816467830113,96.5561224489796,60.204081632653065,1.0476607282835069,2.2932198879429797,0.45083316167195636,0,1.3382658958435059
191,0.3799269029072353,1.5902713537216187,97.70408163265306,60.204081632653065,1.0434473581257617,2.2866364970715027,0.4299434920152028,0,1.8735017776489258
192,0.36933647978062534,1.3155999268804277,98.46938775510205,66.3265306122449,1.0392235457906083,2.2800367902978254,0.44123698274294537,0,1.847794771194458
193,0.3791913183367982,1.319174553666796,97.83163265306122,65.3061224489796,1.0349894586959247,2.273421029212382,0.4374437630176544,0,1.8744087219238281
194,0.361086725580449,1.1955197283199854,98.72448979591837,65.3061224489796,1.0307452646668467,2.2667894760419482,0.43931157390276593,0,1.877335786819458
195,0.37454206359629727,1.196909052985055,97.95918367346938,66.3265306122449,1.0264911319291152,2.260142393639242,0.43827854593594867,0,1.875253677368164
196,0.3686686255493943,1.0486900125231062,98.59693877551021,72.44897959183673,1.0222272291024086,2.2534800454725135,0.44502917925516766,0,1.8624625205993652
197,0.36670208707147717,1.020510503223964,99.48979591836735,71.42857142857143,1.0179537251936588,2.246802695615092,0.4346754153569539,0,1.848252296447754
198,0.3650410266555085,0.9617751666477748,98.9795918367347,74.48979591836735,1.0136707895903527,2.240110608734926,0.4365503291289012,0,1.8780429363250732
199,0.3820948491291124,0.9328650917325702,97.70408163265306,73.46938775510205,1.009378592053819,2.233404050084092,0.42950324217478436,0,1.8862271308898926
200,0.390596046739695,0.8681546875408718,97.70408163265306,74.48979591836735,1.0050773027124975,2.2266832854882774,0.42229413986206055,0,1.8717291355133057
201,0.3685018712160539,0.8245880092893328,99.10714285714286,74.48979591836735,1.0007670920551976,2.2199485813362463,0.41779250899950665,0,1.8752467632293701
202,0.3685952461495691,0.8218441094670977,98.34183673469387,75.51020408163265,0.9964481309243398,2.213200204569281,0.439294030268987,0,1.8778903484344482
203,0.3707348357657997,0.8204024944986615,98.34183673469387,72.44897959183673,0.9921205905091846,2.206438422670601,0.4332904318968455,0,1.8783676624298096
204,0.36970300516303706,0.7509426857743945,98.08673469387755,75.51020408163265,0.9877846423390464,2.19966350365476,0.4308103819688161,0,1.884225606918335
205,0.3820601634833278,0.7377962214606149,98.34183673469387,76.53061224489795,0.9834404582764946,2.1928757160570234,0.42904943227767944,0,1.8903939723968506
206,0.35948052698252153,0.7152467880930219,98.72448979591837,79.59183673469387,0.9790882105105436,2.1860753289227244,0.4380173285802205,0,1.9015953540802002
207,0.3780669819335548,0.6988490266459328,97.95918367346938,79.59183673469387,0.9747280715498248,2.1792626117966014,0.43417994181315106,0,1.8801240921020508
208,0.37215897075983945,0.7048378331320626,98.34183673469387,80.61224489795919,0.9703602142157504,2.1724378347121096,0.4302716553211212,0,1.8978276252746582
209,0.3755225873723322,0.6798413736479623,97.70408163265306,80.61224489795919,0.9659848116356637,2.165601268180725,0.4375688135623932,0,1.8968589305877686
210,0.3655906818350967,0.6851970383099147,99.10714285714286,81.63265306122449,0.9616020372359766,2.1587531831812132,0.43996159235636395,0,1.8859329223632812
211,0.36835616401263643,0.6535382952008929,98.46938775510205,84.6938775510204,0.9572120647352951,2.1518938511488983,0.4305718243122101,0,1.8858959674835205
212,0.3694388513662377,0.6448967116219657,98.72448979591837,83.6734693877551,0.9528150681375336,2.1450235439648964,0.429595023393631,0,1.8868484497070312
213,0.3585471796746157,0.6304734221526554,98.9795918367347,85.71428571428571,0.9484112217250193,2.138142533945343,0.4342455764611562,0,1.8672840595245361
214,0.37387903004276507,0.6309143773147038,98.46938775510205,86.73469387755102,0.9440007000515824,2.1312510938305977,0.4339529673258464,0,1.890031337738037
215,0.36956669724717434,0.6353095471858978,97.70408163265306,85.71428571428571,0.939583677935639,2.1243494967744363,0.4351261456807454,0,1.8905749320983887
216,0.3825057519941914,0.6204004245144981,98.08673469387755,86.73469387755102,0.9351603304532607,2.11743801633322,0.4340417683124542,0,1.8492279052734375
217,0.3732866030566546,0.6064627170562744,98.34183673469387,86.73469387755102,0.9307308329312354,2.1105169264550554,0.4224499861399333,0,1.8713726997375488
218,0.37834350369414504,0.5889699118477958,98.34183673469387,86.73469387755102,0.9262953609401186,2.1035865014689357,0.4490546186765035,0,1.8688957691192627
219,0.3767621839533047,0.585817847933088,98.08673469387755,85.71428571428571,0.9218540902872738,2.0966470160738653,0.4257250924905141,0,1.8822021484375
220,0.3673213750732188,0.599051126411983,98.85204081632654,85.71428571428571,0.9174071970099036,2.0896987453279743,0.4269312818845113,0,1.8766236305236816
221,0.3999311486069037,0.5966821525778089,97.06632653061224,87.75510204081633,0.9129548573680737,2.082741964637615,0.432007372379303,0,1.8676912784576416
222,0.3725664688616383,0.5940103956631252,97.95918367346938,86.73469387755102,0.9084972478377247,2.075776949746445,0.42390750845273334,0,1.889772891998291
223,0.3724134321115455,0.6107809543609619,98.59693877551021,88.77551020408163,0.9040345451036784,2.0688039767244977,0.43674910068511963,0,1.8822391033172607
224,0.3691992352203447,0.6080188240323748,98.59693877551021,88.77551020408163,0.8995669260526349,2.0618233219572417,0.4273851414521535,0,1.8728413581848145
225,0.3685928163479786,0.591716251202992,98.21428571428571,87.75510204081633,0.8950945677661595,2.0548352621346244,0.43220516045888263,0,1.8796021938323975
226,0.36685728905152304,0.5921508542128971,98.9795918367347,89.79591836734694,0.8906176475136658,2.047840074240103,0.4263626039028168,0,1.899195671081543
227,0.3725914243532687,0.5973683723381588,98.08673469387755,88.77551020408163,0.8861363427453888,2.0408380355396702,0.42911521593729657,0,1.857696771621704
228,0.3832885178984428,0.5917273887566158,98.21428571428571,88.77551020408163,0.8816508310853506,2.03382942357086,0.42953118681907654,0,1.8910753726959229
229,0.36468327045440674,0.5898398416382926,98.72448979591837,88.77551020408163,0.8771612903243204,2.0268145161317506,0.4383169909318288,0,1.87147855758667
230,0.3620526261475621,0.5750367513724736,98.9795918367347,88.77551020408163,0.8726678984127683,2.0197935912699503,0.4285515447457631,0,1.8732481002807617
231,0.38407335354357347,0.5763447625296456,97.70408163265306,88.77551020408163,0.8681708334538105,2.012766927271579,0.43034641941388446,0,1.9008562564849854
232,0.37623600205596613,0.5618309378623962,98.34183673469387,89.79591836734694,0.863670273696151,2.0057348026502364,0.42365102966626483,0,1.8763558864593506
233,0.3698713609150478,0.576465734413692,98.34183673469387,88.77551020408163,0.8591663975270158,1.9986974961359623,0.4347909092903137,0,1.882225751876831
234,0.37027076130010644,0.5709327203886849,98.08673469387755,86.73469387755102,0.8546593834650824,1.9916552866641912,0.43742608030637103,0,1.8974716663360596
235,0.37553572898008386,0.5841487901551383,98.34183673469387,87.75510204081633,0.850149410153404,1.984608453364694,0.4345950980981191,0,1.8727149963378906
236,0.3712299660760529,0.5899856005396161,97.83163265306122,86.73469387755102,0.8456366563523288,1.9775572755505137,0.42036106189092,0,1.8630650043487549
237,0.37738486637874524,0.5803483213697161,98.21428571428571,86.73469387755102,0.8411213009324141,1.9705020327068972,0.4298348625500997,0,1.87058687210083
238,0.3752410576051595,0.5727525864328656,97.95918367346938,87.75510204081633,0.8366035228673367,1.9634430044802138,0.43498515089352924,0,1.8759067058563232
239,0.3742214356149946,0.5643527380057743,98.72448979591837,86.73469387755102,0.8320835012267993,1.9563804706668741,0.43978117903073627,0,1.9264154434204102
240,0.37672595345244114,0.573406206709998,98.21428571428571,86.73469387755102,0.8275614151694322,1.9493147112022378,0.43789249658584595,0,1.9018275737762451
241,0.3730345958349656,0.5745356593813215,98.59693877551021,86.73469387755102,0.8230374439356922,1.942246006149519,0.42923682928085327,0,1.88356614112854
242,0.3718888966404662,0.5565984504563468,98.59693877551021,87.75510204081633,0.8185117668407589,1.9351746356886856,0.4276525278886159,0,1.8392388820648193
243,0.3709733546996603,0.5574022446359906,98.46938775510205,86.73469387755102,0.8139845632674256,1.9281008801053525,0.4387967785199483,0,1.8971123695373535
244,0.36875362238105464,0.5722973985331399,98.34183673469387,87.75510204081633,0.8094560126589909,1.9210250197796734,0.4351220230261485,0,1.8667213916778564
245,0.3741900890457387,0.5631778580801827,98.59693877551021,86.73469387755102,0.8049262945121449,1.9139473351752265,0.4380011359850566,0,1.836101770401001
246,0.37193083094090834,0.5708994737693242,98.46938775510205,87.75510204081633,0.8003955883698557,1.9068681068278996,0.44162577390670776,0,1.8711111545562744
247,0.3622533368821047,0.5613970799105508,98.72448979591837,88.77551020408163,0.7958640738142515,1.899787615334768,0.42125897606213886,0,1.8888654708862305
248,0.3787669241428375,0.5796965871538434,98.34183673469387,87.75510204081633,0.7913319304595032,1.892706141342974,0.4330398937066396,0,1.8739471435546875
249,0.38290777984930546,0.5565460835184369,97.44897959183673,88.77551020408163,0.7867993379447067,1.885623965538604,0.436057190100352,0,1.8842203617095947
250,0.37306428807122366,0.5726012502397809,98.46938775510205,88.77551020408163,0.782266475926759,1.878541368635561,0.4314391613006592,0,1.9070320129394531
251,0.3655798094613211,0.5638862976006099,98.85204081632654,87.75510204081633,0.777733524073241,1.8714586313644392,0.41759584347407025,0,1.866203784942627
252,0.37584332483155386,0.5642010484422956,98.34183673469387,88.77551020408163,0.7732006620552936,1.8643760344613962,0.4294617474079132,0,1.9095211029052734
253,0.378795969851163,0.5639391839504242,97.83163265306122,87.75510204081633,0.7686680695404966,1.857293858657026,0.4393053750197093,0,1.9125819206237793
254,0.37343672039557474,0.558469044310706,98.08673469387755,88.77551020408163,0.7641359261857488,1.8502123846652325,0.4298947751522064,0,1.8991718292236328
255,0.3669981652376603,0.5704603024891445,98.85204081632654,86.73469387755102,0.7596044116301444,1.8431318931721008,0.4345443844795227,0,1.8836252689361572
256,0.36428679799547004,0.5760682650974819,98.72448979591837,86.73469387755102,0.7550737054878551,1.836052664824774,0.4318603177865346,0,1.889000654220581
257,0.3674343070205377,0.5770601332187653,98.9795918367347,86.73469387755102,0.7505439873410091,1.828974980220327,0.4310333728790283,0,1.8965370655059814
258,0.3718202448621088,0.563328470502581,98.46938775510205,86.73469387755102,0.7460154367325746,1.821899119894648,0.42339106400807697,0,1.894042730331421
259,0.38423488152270413,0.5829699763229915,98.08673469387755,86.73469387755102,0.7414882331592414,1.8148253643113148,0.4278704822063446,0,1.829439640045166
260,0.38064320780793015,0.5737484778676715,98.46938775510205,86.73469387755102,0.7369625560643078,1.807753993850481,0.42304882407188416,0,1.8622512817382812
261,0.372631234173872,0.5839640838759286,98.34183673469387,85.71428571428571,0.7324385848305681,1.8006852887977627,0.4325443704922994,0,1.8818392753601074
262,0.37180532180533116,0.5819003539425986,98.08673469387755,86.73469387755102,0.727916498773201,1.7936195293331265,0.42706995209058124,0,1.8875095844268799
263,0.38108785845795456,0.573386379650661,98.21428571428571,87.75510204081633,0.7233964771326633,1.7865569955197866,0.43433881799379986,0,1.8816556930541992
264,0.3793133448581306,0.5757013942514148,97.5765306122449,86.73469387755102,0.718878699067586,1.7794979672931033,0.4376837909221649,0,1.8778305053710938
265,0.3708305456200425,0.5686225805963788,98.59693877551021,86.73469387755102,0.7143633436476713,1.7724427244494865,0.43524254361788434,0,1.8784568309783936
266,0.3559463632350065,0.5719124504498073,98.9795918367347,86.73469387755102,0.7098505898465959,1.765391546635306,0.43492669860521954,0,1.900775671005249
267,0.36842792313926076,0.5816526157515389,98.46938775510205,86.73469387755102,0.7053406165349176,1.758344713335809,0.41405193010965985,0,1.8612785339355469
268,0.3664850148619438,0.5754118689468929,98.9795918367347,86.73469387755102,0.7008336024729842,1.751302503864038,0.44409332672754925,0,1.8855690956115723
269,0.3765164711037461,0.5978324626173291,98.08673469387755,84.6938775510204,0.696329726303849,1.744265197349764,0.43111718694369,0,1.8628947734832764
270,0.3689654226205787,0.5816161121640887,98.46938775510205,86.73469387755102,0.6918291665461895,1.737233072728421,0.4269942144552867,0,1.837686538696289
271,0.37019120065533384,0.5856433595929827,98.85204081632654,86.73469387755102,0.6873321015872316,1.7302064087300495,0.43541446328163147,0,1.8877842426300049
272,0.37266531769110234,0.5762203804084233,98.21428571428571,86.73469387755102,0.6828387096756796,1.7231854838682494,0.43471381068229675,0,1.8930351734161377
273,0.38979555088646556,0.5712648800441197,97.06632653061224,86.73469387755102,0.6783491689146495,1.71617057642914,0.4352485438187917,0,1.89198637008667
274,0.3691730797290802,0.5801961932863507,98.72448979591837,86.73469387755102,0.6738636572546113,1.7091619644603302,0.4321639935175578,0,1.8999788761138916
275,0.3737320364737997,0.5909155224050794,98.59693877551021,86.73469387755102,0.6693823524863343,1.7021599257598972,0.4335230886936188,0,1.8772919178009033
276,0.35810235142707825,0.5768736515726361,99.36224489795919,86.73469387755102,0.6649054322338406,1.695164737865376,0.4302716056505839,0,1.897207260131836
277,0.3725900917637105,0.5740626624652317,98.34183673469387,86.73469387755102,0.6604330739473652,1.6881766780427583,0.4270820617675781,0,1.875739574432373
278,0.3893346026235697,0.5849701762199402,97.32142857142857,86.73469387755102,0.6559654548963214,1.6811960232755023,0.426741490761439,0,1.88242506980896
279,0.3793226152050252,0.5851463845797947,97.83163265306122,86.73469387755102,0.6515027521622754,1.6742230502535553,0.4418359001477559,0,1.8660671710968018
280,0.3680755453450339,0.5919727172170367,98.72448979591837,86.73469387755102,0.6470451426319264,1.6672580353623851,0.4186396698156993,0,1.8987786769866943
281,0.36127366764204843,0.579074501991272,98.9795918367347,86.73469387755102,0.6425928029900965,1.6603012546720257,0.4374598264694214,0,1.875570297241211
282,0.3723057538879161,0.5810255578586033,98.08673469387755,86.73469387755102,0.6381459097127264,1.653352983926135,0.4323330024878184,0,1.8792481422424316
283,0.37925298724855694,0.5864607266017369,97.44897959183673,86.73469387755102,0.6337046390598815,1.6464134985310648,0.4221905469894409,0,1.8671472072601318
284,0.36478595040282424,0.5925889526094709,98.72448979591837,86.73469387755102,0.6292691670687647,1.6394830735449448,0.42861759662628174,0,1.9108257293701172
285,0.3806970837164898,0.5754426547459194,97.83163265306122,86.73469387755102,0.6248396695467393,1.6325619836667804,0.4414755702018738,0,1.875763177871704
286,0.35917543026865745,0.5860102432114738,98.9795918367347,86.73469387755102,0.620416322064361,1.6256505032255641,0.4199509521325429,0,1.8692710399627686
287,0.3631972573241409,0.5659603093351636,98.59693877551021,86.73469387755102,0.6159992999484176,1.6187489061694027,0.4377370774745941,0,1.9333817958831787
288,0.3649713786280885,0.5681312254496983,98.59693877551021,86.73469387755102,0.6115887782749807,1.6118574660546574,0.4340756932894389,0,1.8377172946929932
289,0.36616944171944443,0.5765090031283242,98.72448979591837,86.73469387755102,0.6071849318624665,1.6049764560351039,0.42779141664505005,0,1.8667173385620117
290,0.3741640868235607,0.5856184150491442,97.70408163265306,86.73469387755102,0.6027879352647052,1.5981061488511017,0.43022366364796955,0,1.8875446319580078
291,0.3734453539459073,0.5792256380830493,98.72448979591837,86.73469387755102,0.5983979627640235,1.5912468168187868,0.4236876467863719,0,1.8794093132019043
292,0.3937282854196977,0.5702701253550393,97.1938775510204,86.73469387755102,0.5940151883643361,1.5843987318192752,0.42870858311653137,0,1.8822901248931885
293,0.37004856187470103,0.5853407638413566,98.72448979591837,86.73469387755102,0.5896397857842497,1.57756216528789,0.4342387318611145,0,1.8704102039337158
294,0.3705293955851574,0.5852112770080566,97.70408163265306,86.73469387755102,0.5852719284501753,1.570737388203399,0.43088336785634357,0,1.898123025894165
295,0.3774139698670835,0.571393472807748,97.5765306122449,86.73469387755102,0.5809117894894562,1.5639246710772754,0.4461510380109151,0,1.8639347553253174
296,0.37147340482595015,0.5675754547119141,98.34183673469387,86.73469387755102,0.5765595417235052,1.5571242839429769,0.42453625798225403,0,1.8911528587341309
297,0.3703873084515941,0.566073613507407,98.34183673469387,86.73469387755102,0.5722153576609539,1.5503364963452402,0.4246474305788676,0,1.9393022060394287
298,0.36338303222948193,0.5777292634759631,99.23469387755102,86.73469387755102,0.5678794094908153,1.543561577329399,0.43041034539540607,0,1.8786444664001465
299,0.3729966745084646,0.5641484686306545,97.95918367346938,86.73469387755102,0.56355186907566,1.5367997954307189,0.4371083676815033,0,1.8557474613189697
300,0.36949505915447156,0.576427549123764,98.46938775510205,86.73469387755102,0.5592329079448024,1.5300514186637537,0.4375435809294383,0,1.872758150100708
301,0.37682277998145747,0.5806032844952175,98.34183673469387,86.73469387755102,0.5549226972875024,1.5233167145117226,0.43481719493865967,0,1.913860559463501
302,0.37398374506405424,0.5716351781572614,98.72448979591837,86.73469387755102,0.5506214079461809,1.5165959499159078,0.430239737033844,0,1.8787052631378174
303,0.38325057710920063,0.5642512312957219,97.95918367346938,86.73469387755102,0.5463292104096471,1.5098893912650737,0.4177793761094411,0,1.872225284576416
304,0.3697317765683544,0.5586323738098145,98.46938775510205,86.73469387755102,0.542046274806341,1.503197304384908,0.42010800043741864,0,1.8856306076049805
305,0.36479939185843174,0.5789031599249158,98.34183673469387,86.73469387755102,0.5377727708975913,1.4965199545274865,0.42524802684783936,0,1.8742866516113281
306,0.36291379770454096,0.5642375222274235,98.59693877551021,86.73469387755102,0.5335088680708848,1.4898576063607576,0.43497325976689655,0,1.884171724319458
307,0.38068785716076287,0.5660414568015507,98.34183673469387,86.73469387755102,0.5292547353331534,1.4832105239580522,0.43066548307736713,0,1.8757474422454834
308,0.371809076897952,0.576320469379425,98.08673469387755,86.73469387755102,0.5250105413040755,1.476578970787618,0.4408930043379466,0,1.8479390144348145
309,0.3750637994737041,0.5775373705795833,98.72448979591837,86.73469387755102,0.520776454209392,1.4699632097021749,0.43553605675697327,0,1.8409838676452637
310,0.3734850615871196,0.5736510923930577,98.72448979591837,86.73469387755102,0.5165526418742383,1.4633635029284975,0.4342342217763265,0,1.8643252849578857
311,0.3680426837230215,0.5637309040342059,98.59693877551021,86.73469387755102,0.5123392717164932,1.4567801120570207,0.4325472315152486,0,1.8716912269592285
312,0.3774698741581975,0.5699283523218972,98.34183673469387,86.73469387755102,0.5081365107401413,1.4502132980314708,0.44145315885543823,0,1.8811633586883545
313,0.3671095608448496,0.5772701927593776,98.34183673469387,86.73469387755102,0.5039445255286554,1.4436633211385241,0.44005688031514484,0,1.8796913623809814
314,0.37245509150076883,0.5779716372489929,98.34183673469387,86.73469387755102,0.4997634822383924,1.437130440997488,0.43420018752415973,0,1.8843915462493896
315,0.36578968045662863,0.5738454120499747,98.34183673469387,86.73469387755102,0.4955935465920077,1.4306149165500122,0.4235022763411204,0,1.7994050979614258
316,0.3699465387937974,0.5753342168671745,97.95918367346938,86.73469387755102,0.4914348838718867,1.4241170060498232,0.4351191222667694,0,1.8283665180206299
317,0.37835607115103276,0.5803767783301217,98.21428571428571,86.73469387755102,0.48728765891359394,1.4176369670524904,0.4323253631591797,0,1.8607332706451416
318,0.3666506671175665,0.5769531386239188,98.08673469387755,86.73469387755102,0.48315203609933843,1.4111750564052163,0.42734165986378986,0,1.88153076171875
319,0.37206839846104994,0.5710841630186353,98.34183673469387,86.73469387755102,0.47902817935145925,1.404731530236655,0.4291992485523224,0,1.8650028705596924
320,0.3728899688136821,0.559976611818586,98.34183673469387,86.73469387755102,0.4749162521259272,1.3983066439467613,0.43023844559987384,0,1.8563451766967773
321,0.36878348795735105,0.5914772748947144,97.83163265306122,86.73469387755102,0.47081641740586705,1.3919006521966673,0.4315130313237508,0,1.8430354595184326
322,0.3816586720700167,0.5691770996366229,97.44897959183673,86.73469387755102,0.46672883769509693,1.385513808898589,0.4371386269728343,0,1.8554596900939941
323,0.37542049617183454,0.5862254159791129,98.08673469387755,85.71428571428571,0.46265367501168625,1.3791463672057598,0.4249214728673299,0,1.8656742572784424
324,0.3743950748930172,0.579697425876345,97.95918367346938,86.73469387755102,0.4585910908815357,1.3727985795023996,0.43616628646850586,0,1.8826022148132324
325,0.3736371118195203,0.5838110021182469,98.34183673469387,86.73469387755102,0.45454124633197385,1.366470697393709,0.43228158354759216,0,1.851860523223877
326,0.38515738869199945,0.573085606098175,97.83163265306122,86.73469387755102,0.45050430188537366,1.3601629716958963,0.42391036947568256,0,1.8743252754211426
327,0.37086744393621174,0.5729375907352993,98.46938775510205,87.75510204081633,0.4464804175527919,1.3538756524262374,0.42386547724405926,0,1.8463466167449951
328,0.3779277722446286,0.5607836289065224,98.34183673469387,86.73469387755102,0.44246975282762585,1.3476089887931655,0.43625585238138836,0,1.8575353622436523
329,0.36810392141342163,0.5739223488739559,98.59693877551021,86.73469387755102,0.4384724666792908,1.341363229186392,0.4293168783187866,0,1.8406710624694824
330,0.3851087038614312,0.5720090014593942,97.95918367346938,86.73469387755102,0.4344887175469202,1.3351386211670628,0.4362747271855672,0,1.873873233795166
331,0.3794711055804272,0.5619856204305377,97.44897959183673,86.73469387755102,0.43051866333308547,1.3289354114579461,0.4324856797854106,0,1.8692467212677002
332,0.37179806281109246,0.5848735272884369,98.9795918367347,86.73469387755102,0.4265624613975361,1.3227538459336503,0.42963815728823346,0,1.8756675720214844
333,0.3825384670374345,0.573865464755467,97.5765306122449,86.73469387755102,0.42262026855096424,1.3165941696108816,0.4340388874212901,0,1.8848376274108887
334,0.38272642298620574,0.5772373931748527,97.32142857142857,86.73469387755102,0.418692241048788,1.3104566266387314,0.43512723843256634,0,1.8656835556030273
335,0.3722645543059524,0.5791985988616943,98.34183673469387,86.73469387755102,0.41477853458495795,1.304341460288997,0.43618549903233844,0,1.8822486400604248
336,0.38835419501577106,0.5773133252348218,98.08673469387755,86.73469387755102,0.41087930428578684,1.298248912946542,0.43037403623263043,0,1.8660831451416016
337,0.3753969036802954,0.5748827031680516,98.72448979591837,86.73469387755102,0.40699470470380045,1.2921792260996883,0.43186724185943604,0,1.8121180534362793
338,0.3594077028790299,0.5733617075851986,98.9795918367347,86.73469387755102,0.40312488981161076,1.286132640330642,0.4290097455183665,0,1.8808708190917969
339,0.37714480137338446,0.5695486579622541,98.21428571428571,86.73469387755102,0.39927001299581466,1.2801093953059604,0.4219280381997426,0,1.8949501514434814
340,0.3639590734121751,0.5687277870518821,98.34183673469387,86.73469387755102,0.3954302270509133,1.274109729767052,0.43425819277763367,0,1.888822078704834
341,0.3716016661147682,0.5827318898269108,98.21428571428571,86.73469387755102,0.3916056841732551,1.268133881520711,0.43714335560798645,0,1.825286626815796
342,0.376613404069628,0.5673708958285195,98.08673469387755,86.73469387755102,0.38779653595500496,1.2621820874296952,0.44078974922498065,0,1.865354061126709
343,0.37268264926209743,0.5743370013577598,98.21428571428571,86.73469387755102,0.38400293337813385,1.2562545834033343,0.4310494164625804,0,1.859086036682129
344,0.3790110501707817,0.576353907585144,97.83163265306122,86.73469387755102,0.3802250268084356,1.2503516043881806,0.4299260179201762,0,1.8807978630065918
345,0.3678987914202165,0.5740415411336082,98.21428571428571,86.73469387755102,0.37646296598956697,1.2444733843586984,0.43293888370196026,0,1.8139228820800781
346,0.36858769217315984,0.5849158934184483,98.46938775510205,86.73469387755102,0.3727169000371105,1.2386201563079853,0.4334804316361745,0,1.8794853687286377
347,0.3706783135326541,0.5717345901897976,98.85204081632654,86.73469387755102,0.36898697743266673,1.2327921522385417,0.44105032086372375,0,1.8734700679779053
348,0.36760574031849297,0.5889315179416111,98.9795918367347,86.73469387755102,0.3652733460179671,1.2269896031530736,0.43707363804181415,0,1.891566514968872
349,0.37551627961956724,0.5705855403627668,98.46938775510205,86.73469387755102,0.3615761529890141,1.2212127390453344,0.4325912396113078,0,1.8775339126586914
350,0.38226049286978586,0.5734847273145404,97.5765306122449,86.73469387755102,0.35789554489024766,1.215461788891012,0.43007872502009076,0,1.8687925338745117
351,0.38003160758894317,0.571589972291674,97.95918367346938,86.73469387755102,0.35423166760873637,1.2097369806386506,0.4321596324443817,0,1.8879010677337646
352,0.36756422020951096,0.5732696311814445,98.59693877551021,86.73469387755102,0.35058466636839414,1.2040385412006158,0.4368932942549388,0,1.8645069599151611
353,0.37221511042847927,0.5694403563226972,98.21428571428571,86.73469387755102,0.34695468572422544,1.1983666964441022,0.4317321280638377,0,1.8754100799560547
354,0.3601200221752634,0.5808020830154419,98.08673469387755,86.73469387755102,0.34334186955659485,1.1927216711821793,0.42191028594970703,0,1.8794667720794678
355,0.3790851004269658,0.576243770974023,97.95918367346938,86.73469387755102,0.3397463610655235,1.1871036891648803,0.42040519913037616,0,1.8397610187530518
356,0.36228187716737087,0.5750697468008313,98.59693877551021,86.73469387755102,0.3361683027650143,1.1815129730703349,0.4316945970058441,0,1.9398720264434814
357,0.3778281217935134,0.5718300640583038,98.46938775510205,86.73469387755102,0.3326078364774029,1.175949744495942,0.4353381295998891,0,1.9169223308563232
358,0.36925786976911584,0.5691496304103306,99.10714285714286,87.75510204081633,0.3290651033277351,1.170414223949586,0.432620902856191,0,1.8771119117736816
359,0.3712508830488945,0.5644905822617667,98.46938775510205,86.73469387755102,0.325540243738175,1.1649066308408984,0.421073575814565,0,1.9557433128356934
360,0.36259431011822757,0.5654938476426261,99.10714285714286,86.73469387755102,0.3220333974224379,1.1594271834725594,0.4344453414281209,0,1.9499576091766357
361,0.3642210114975365,0.5712019545691354,98.72448979591837,86.73469387755102,0.3185447033802524,1.1539760990316443,0.44036497672398883,0,1.8970403671264648
362,0.3685328863104995,0.5818015379565102,98.34183673469387,86.73469387755102,0.3150742998918522,1.1485535935810192,0.42063212394714355,0,1.891937255859375
363,0.38109697553576255,0.5775763477597918,97.44897959183673,86.73469387755102,0.3116223245124934,1.143159882050771,0.43116965889930725,0,1.919849157333374
364,0.35781919652101946,0.5829092519623893,98.9795918367347,86.73469387755102,0.3081889140670032,1.1377951782296924,0.4380972683429718,0,1.8979737758636475
365,0.37811281912180844,0.5742272138595581,97.83163265306122,86.73469387755102,0.30477420464435717,1.132459694756808,0.4261201024055481,0,1.9204416275024414
366,0.3892165209565844,0.5687114298343658,97.70408163265306,85.71428571428571,0.3013783315922843,1.127153643112944,0.4351391593615214,0,1.847346544265747
367,0.38423040265939673,0.5764191746711731,97.70408163265306,86.73469387755102,0.2980014295119018,1.1218772336123464,0.43541955947875977,0,1.8960490226745605
368,0.37150017460998225,0.5788634036268506,98.59693877551021,86.73469387755102,0.29464363225238144,1.116630675394346,0.4318865239620209,0,1.8790967464447021
369,0.3720644487410176,0.5755957663059235,97.95918367346938,86.73469387755102,0.29130507290564334,1.1114141764150678,0.4256924092769623,0,1.8873281478881836
370,0.3853654198500575,0.5682265715939658,97.70408163265306,86.73469387755102,0.28798588380108003,1.1062279434391875,0.42920811971028644,0,1.8923988342285156
371,0.37295871121542795,0.5717340622629438,98.08673469387755,86.73469387755102,0.2846861965003128,1.1010721820317386,0.43014126022656757,0,1.8885748386383057
372,0.37567620009792096,0.5773335524967739,98.21428571428571,86.73469387755102,0.28140614179197604,1.0959470965499625,0.4326673249403636,0,1.8793845176696777
373,0.3685682841709682,0.5771679026739938,98.46938775510205,86.73469387755102,0.27814584968653305,1.090852890135208,0.43645356098810834,0,1.8623735904693604
374,0.378297358751297,0.5655090638569423,98.34183673469387,86.73469387755102,0.2749054494111239,1.085789764704881,0.43572985132535297,0,1.8617503643035889
375,0.3784000782334075,0.5761636069842747,97.83163265306122,87.75510204081633,0.27168506940444237,1.0807579209444413,0.4337966938813527,0,1.8690922260284424
376,0.3603084306327664,0.5829820590359824,99.48979591836735,86.73469387755102,0.26848483731164496,1.0757575582994452,0.42971957723299664,0,1.8771581649780273
